<?xml version="1.0" encoding="utf-8"?>

<ModMetaData>
	<name>[1.0] RimCuisine 2: All Plants All Biomes Patch</name>
	<author>Crustypeanut</author>
	<supportedVersions>
		<li>1.0</li>
	</supportedVersions>
	<description>This optional patch throws balance out the window and lets you grow any plant in any biome! You want sugarcane in a tundra? Aight! Juniper Berries in the middle of the desert? Sure! Grapes in a tropical swamp? I don't think I'd want to try the wine that came out of that but okay!</description>
</ModMetaData>

